prompt,output,timestamp
"write a react boilerplate code
",,2025-05-15 10:10:48.314938
"write a react boilerplate code
",,2025-05-15 10:14:18.669780
write a react boilerplate code,"'
To create a React boilerplate, you can use Create React App (CRA) which is a powerful tool that helps developers build and deploy React applications quickly. Here's an example of how to create a new React project using CRA:

1. Open your terminal or command prompt.
2. Install Create React App by running the following command: `npm install -g create-react-app`.
3. Create a new folder for your project and navigate into it: `mkdir my-new-react-project && cd my-new-react-project`.
4. Run the following command to create a new React app within the current directory: `create-react-app .`.
5. Once the app is created, you can start the development server by running `npm start` in your terminal. This will launch the app in your default browser.
6. You can now make changes to the code and see the results immediately without having to run any additional commands.
7. When you're ready to deploy your app, you can package it using the `npm run build` command and serve it with a static file server like Vercel or Netlify.

Here's an example of what the code for a simple React app might look like:
```
import React from 'react';
import logo from './logo.svg';
import './App.css';

function App() {
  return (
    <div className=""App"">
      <header className=""App-header"">
        <img src={logo} className=""App-logo"" alt=""logo"" />
        <p>
          Edit <code>src/App.js</code> and save to reload.
        </p>
        <a className=""App-link"" href=""https://reactjs.org"" target=""_blank"" rel=""noopener noreferrer"">
          Learn React
        </a>
      </header>
    </div>
  );
}

export default App;
```
This code imports the `React` library and a logo image, as well as CSS files for styling. The `App` component returns a simple header with an image and some text, as well as a link to the React documentation.",2025-05-15 10:51:44.948286
